post_id,title,body,llm_label,manual_label
1595,I'm close to just giving up. ,"Sorry its going to be a long one. It's just to vent as I have no where else to go.   So I've been on my diet now since July as I'm getting married in November next year and I thought I was doing eveything right. I'm in my 30s and I've always been huge. Like bullied because I don't fit anywhere huge. I knew I needed to make a change after losing my Mum and hating myself so much that it was affecting my life.   So I started intermittent fasting and keto. I followed eveything to the letter - I cut all the things out that caused issues and things I knew I over ate and restricted myself to eating properly and healthy. I used a diary, weighed myself and watched it go down for the first time in years.   Then it all stopped. My weight plateaued. I tried eveything to get myself more active. I used weights and exercises at home. I tried to go to a local gym but was told I was too fat and it might be an ""insurance liability"" if I tried to use their machines. I try my best to lose it and nothing h",opinion,unsure
627,Is fat burner a good supplement?,Been wanting to get a better cut going and I’ve been looking at Magnum Nutraceuticals Heat Accelerated fat burner is it a good supplement? And how bad are the side affects?,opinion,unsure
1444,Hi r/Fitness! New here and just wanted some suggestions on my current supplement stack for a cutting phase,"I'm currently taking 7.2g BCAAs in the morning with glutamine, citrulline malate, 5g of creatine and 2 thermogenic pills (oxy elite pro).  Pre workout I take another 7.2g BCAAs with glutamine, citrulline malate, 5g of creatine and another thermogenic.  Then post workout I take a Whey Isolate shake with 5g BCAAs, glycogen mix and a little bit more creatine.   My workout is usually lifting for an hour, then running for half an hour, then doing body weight resistance training for half an hour.   Is there anything wrong in this? Anything I should add or take away?  EDIT FOR FOOD: For breakfast I eat a blend of sunflower seeds and pumpkin seeds, a couple hours later I eat a protein bar. For lunch I usually eat a turkey/roastbeef sandwich on wheat bread with spinach and vinegar and olive oil. Dinner/postworkout I usually eat chicken breast with some sort of veggie and either an orange or grapefruit.",opinion,unsure
30,Am I doing my sugar-detox the right way?,"I usually eat anywhere from 1-4 pieces of chocolate a day. I occasionally drink juice (once a week?), and probably a small individual bag of Doritos 2 to 3 times a week. Chocolate chip cookies, about 2-3 a day. Half a gallon of milk a day. White bread 2 to 5 times a week. I don't drink soda often, maybe once every 2 weeks. I am very skinny, but in the last couple of years my diet has caught up to me in the form of a small gut.   At the start of the month, I decided to quit cold turkey: chocolate, chocolate chip cookies, chips, milk, white bread, juice etc.   I only drink water and protein shakes. The worst things I eat now is a bit of salad dressing. No bread, so no mayo. No desserts.   Is this the ""right"" way of going about a sugar detox? Or do I need to cut out more? How will I know if I am doing my body any good, and how long until I know?",opinion,unsure
2061,Detox Your Body,,misinfo,opinion
1932,Started Alternate Day Fasting on Monday,"Here are my specs before I begin this story: 20F SW: 209.8 lbs Height: 5’10 GW: ~150 lbs or really more going for a specific LOOK rather than number  Monday i weighed myself, 209.8 lbs.  the biggest I’ve ever been in my life, even though it could be way worse.  I was reading about Alternate Day Fasting.  In the past I’ve done keto which works really well for me but is difficult for me to stay loyal to for several reasons.  So Monday I ate whatever I wanted, and started my fast that night.  All of Tuesday I wasn’t hungry at all, drank a ton of water and a small glass of black coffee.  Wednesday was weird, I ate about 3 bites of food after 36 hours and still wasn’t tempted to eat again until 6 pm.  All together on that day I ate around 800 calories only.  Yesterday didn’t eat until 4 pm and by the end of the night I ate roughly 1500 calories (had Wendy’s fries &amp; spicy chicken sandwich and a small chicken pot pie).  Today is another 36 hour fast, I will eat (or try to) tomorrow around",opinion,unsure
783,Stack feedback and recommendations,"Can I take all these or is it too much? I have high LDL (179), low HDL (38) and mild fatty liver.",opinion,unsure
2277,AI-assisted platform for agro-homeopathy &amp; natural farming 🌱,"Hi everyone,  Over the past year, we have been developing and running an **AI-assisted advisory platform focused on agro-homeopathy and natural farming practices**. The intention is to help farmers and practitioners **apply gentle, low-input approaches** for plant health, soil vitality, and ecological balance.  The system combines a large body of **agro-homeopathy knowledge, organic farming practices, and practitioner experience**, and makes it accessible through a **multilingual AI interface**. It has been live for nearly a year and is actively used by farmers and agricultural practitioners seeking **non-chemical, sustainable alternatives**.  Rather than replacing human judgment, the platform is designed as a **decision-support and learning tool**, helping users explore possible remedies, patterns, and approaches in a structured way.  Languages supported include **English, Hindi, Tamil, Telugu, French, and Spanish**, making it accessible to a diverse user base.  🔗 **Web app:**   [http",accurate,unsure
1998,"[24y/o, 6'3"", M] Fat to Fit: 240lbs to 172lbs (but wait, there's more!) (pics, details, motivation inside)","Hi all,  First, a sincere thank you to everyone in this community that have helped me on this journey. I am now finishing a weight loss from 240lbs in May 2012 to currently 172lbs. I took a recomp/mini bulk in May of this year and put on 15lbs in two and a half months, and started my cut again on August 1.   This is where I am **currently**, before and after:  http://imgur.com/GBMVQHL  http://imgur.com/VFxCrFF  And also a pic of prior to my mini bulk in May '13 until now. I am the same weight in both of these pictures, but the outcome is vastly different.  http://imgur.com/syMQFji  **Now that the pictures are out of the way -**  Current stats: 6'3"", 172lbs, 24year old male.  Lifts (at 3x5, beginning and current):  * BENCH: 65lbs &gt; 160lbs * SQUAT: Bar &gt; 170lbs * OHP: 40lbs &gt; 110lbs * DEADLIFT: 155lbs &gt; 245lbs  **Diet:**  IIFYM, started counting calories and tracking with MyFitnessPal. I always, always, ALWAYS stayed within my calories. This meant that if I had a muffin loade",opinion,accurate
431,Choline Bitartrate in Liver Cleansing / Detox supplements,I recently bought a NutraChamps Liver Cleanse / Detox supplement based on Milk Thistle but I was wondering about Choline Bitartrate present in it. I only learned about its correlation with TMAO and gut bacteria after I bought it. There's 30 mg per serving (which is roughly 5% of the Daily Value) so should I be concerned / is it a safe amount? I also recently did my bloodwork so there are no concerns regarding blood thickening or anything like that.,opinion,misinfo
1487,Supplement Thursday,"Welcome to another week for Supplement Thursday, last week we discussed [your favorite supplements.](http://www.reddit.com/r/Fitness/comments/13mhxk/supplement_thursday/)  Like usual, any question can be asked despite a guiding question being given. This week's guiding question is:  &gt;What is the oddest or most obscure supplement in your stack?  And of course don't forget to check out [Examine.com](http://examine.com/) to see if your question is answered there first.",opinion,unsure
1166,Creatine and Fat Burners,"Question here - and if it is in the wrong place just lock the thread and let me know where to post it.  I'm in good shape. My diet is good. I haven't plateaued just yet (though gains are slower), but I have my last bit of ft around my stomach. I'm not necessarily going for a 6 pack or anything.  I started taking creatine awhile ago, and I enjoy it. It seems to help with those lifts. I was curious about r/fitness thoughts on taking creatine and fat burners at the same time. I am just trying to encourage a little more fat loss than I am currently getting and I was wondering if this would help at all.  Thanks a lot, and again, if this is not the place to put it, let me know and lock the thread. Cheers!",opinion,misinfo
1867,"★OFFICIAL DAILY★ Daily Q&amp;A Thread August 15, 2023","# Got a question? We've got answers!  Do you have question but don't want to make a whole post? That's fine. **Ask right here!** What is on your mind? **Everyone is welcome** to ask questions or provide answers. No question is too minor or small.  **TIPS**:  * Include your stats if appropriate/relevant (or better yet, update your flair!) * Check the [FAQ](https://www.reddit.com/r/loseit/wiki/faq) and other resources in the sidebar!  *Due to space limitations, this may be a sticky only occasionally.* ***Please find it daily using the sidebar if needed.***  **Don't forget to comment and interact with other posters here, let's keep the good vibes going!**  *Daily Threads*  * [**US Accountability Challenge**](https://www.reddit.com/r/loseit/search/?q=author%3AMountainlioness404d%20title%3Aaccountability&amp;restrict_sr=1&amp;sort=new): Stay accountable with friends from North America. * [**EU Accountability Challenge**](https://www.reddit.com/r/loseit/search/?q=author%3Avisilliis%20title%3",opinion,unsure
1422,Progress Pics at 160lbs: Packed on 10lbs of muscle in 5 months. Heaviest I've weighed in my life! Routine included.,"Album: https://imgur.com/a/b4FN9   Requested comparison shot without the fancy lighting: https://imgur.com/a/zt6s1  EDIT: Removing my angry edit and replacing it with this one. I know about the harm to the community by claiming all-natural and not being all-natural. It gives others a false sense of what can be accomplished in a certain amount of time, and discouraging them when aren't able to accomplish the same. I'm sure some people have felt like shit and gave up on their fitness journey because of that, and that sucks. On the inverse, how do you think it feels to have actually put in the hours the effort of eating right only to be told ""nope, your results aren't real."" How much do you think THAT sucks? How much do you think that *helps* the community? Whatever the case, I know I'm telling the truth. If you can't take anything from this because you don't believe me, then fine. If I encouraged you to take your fitness to another level, great. I'll still answer those questions wonderin",opinion,unsure
1055,What can I expect to happen if I continue to workout during a 8 day juice fast?,"I intend on doing an 8-day juice fast that involves eating no solid foods.  I'll only be drinking water, organic vegetable &amp; fruit juice, and protein shakes.  During this time I'll keep up with my daily workout regiment that includes boxing and weight training.    What can I expect to happen during and after the fast?  FYI:  Im about 50lbs over weight.",opinion,misinfo
2265,Get rid of motion sickness with natural remedies,,misinfo,unsure
1245,Apple cider vinegar as a preworkout?,"So the last week I've been drinking an ounce of ACV right before I work out and I've noticed a considerable boost of energy and stamina. Has anyone else tried this or have any tips to maximize this benefit? Or is it possibly something I should avoid for some reason?  Edit: I should mention that I only drink about 1 oz and **never** on an empty stomach.   Edit2: It would be interesting for some of you open-minded, non-haters to try it and report back your experience. I've read some interesting articles but am open to the possibility of it being a placebo effect as well. That's why I posted this as a question. ",opinion,misinfo
1850,What do y'all think about apple cider vinegar?,Have you tried it?  Has it done anything for your weight or metabolism?,opinion,unsure
9,What’s one nutrition myth that you wish more people understood the science behind?,"There are so many nutrition claims that circulate online, from detox hacks to protein timing. Some have partial truth, but many aren’t backed by strong evidence. What’s one common myth you think deserves more clarity, ideally with research behind it?",opinion,unsure
235,What’s the difference between having apple cider vinegar before or having it after a meal? Or is there a difference?,,opinion,misinfo
375,Are there better detox nutrients than Chlorella + Cilantro?,I’m sure y’all have heard about the old Russian hospital study where men who were exposed to nuclear waste &amp; high levels of heavy metals were given different compounds to see what best reduced heavy metal toxicity naturally. They found chlorella &amp; cilantro to be some of the most effective metal chelators.   Are there even better compounds for detoxing out there that I’m missing? Especially in a world with forever chemicals &amp; microplastics… cheers 🥂 ,opinion,misinfo
1164,Anyone here use Mega-T fat burner?,I'm running a cut right now and was looking at [Mega-T](http://www.walmart.com/ip/Mega-T-Green-Tea-Dietary-Supplement-with-Acai-Berry/13352479) for an extra boost.  It's really cheap and comparing it to the other big name products it looks like it has all the same shit in it.  Mainly I was just looking for a product with caffeine and green tea extract.  Has anyone tried this?  What was your experience?,opinion,misinfo
1012,"Doing a detox, have some questions about how frequently can I exercise esp HIIT","Hi  I would love to do HIIT 2-3 times a day, with a 30-60 min stationary bike. I'm going through some therapies and it would be optimal but I thought to ask r/fitness to see how serious this plan is.   Are there any serious studies concerning frequent exercise? Living in a village it's common to see people have physically demanding jobs 6-8 hours/day and live 90+ years without serious problems...  The HIIT I'd do is a 20 minute beginner HIIT :  https://www.youtube.com/watch?v=A2jill_Lf0Y  After 11 years of judo this seems like a piece of cake and easily doable 3 times a day tbh... We'd used to train hard for 90 minutes there, 3 times a week :p    Ty for the normal responses ",opinion,misinfo
457,DIM - Side effects? Detoxing symptoms?,"Hi, so I’ve been taking 150mg DIM for about 2 weeks now and I’ve started getting rather terrible headaches especially at night. I had my period last week and there was no particular symptoms.  I’ve been looking up some information and some say it’s just a detoxing effect and some say it’s a side effect and you need to stop taking it. Now I feel my breasts got bigger just like during my period.. i feel so confused. Should I keep taking DIM? Or should I stop? ",opinion,misinfo
1104,Are You Looking For A Perfect Gateway? Benefits Of Visiting The Day Spa In Palo Alto,"By Jacqueline Hartwig         It is not selfish to take care of yourself and make your wellness a top priority. Nowadays, the life is a bit mechanical and hence you need time off from these busy schedules to unwind. For instance, taking a break to visit one of the local spa centers will help you relieve your body. However, apart from the beautification benefits visiting the [best day spa in Palo Alto](http://ift.tt/1S2GVty) will ensure that you are relieved and also give you the numerous physical benefits.          It relaxes your body. Relaxing is in your mind, you can say you are not relaxed when you have a lot of problems running through your minds. Your muscles too have a role in this. In the spa during the sessions, the experts have a way or massaging the muscles and tricking them into thinking you are fine.          It helps you detox your body. The environment that you are living in is full of many toxins that have an impact on your bodies both mentally and physically. Most of t",misinfo,misinfo
740,Apple Cider Vinegar Pill v.s. liquid?,Pill or liquid? I’ve taken both but haven’t noticed much difference. Both seem to be the same dosage. Is one better than the other? Debating on going back to chugging some Bragg each morning but I’d like some opinions first.  Side note: does anyone take Garnicia Cambogia with ACV?,opinion,misinfo
2119,Superfoods' shown to fight prostate cancer,,misinfo,misinfo
1471,Supplement Thursday,"Welcome to another week for Supplement Thursday, last week we discussed [Endurance Supplements.](http://www.reddit.com/r/Fitness/comments/17n2af/supplement_thursday/)  Like usual, any question can be asked despite a guiding question being given. This week's guiding question is:  &gt;Free for all! Talk about your favorite supplement or your newest supplement or anything in between.  And of course don't forget to check out [Examine.com](http://examine.com/) to see if your question is answered there first.",opinion,unsure
545,How does this plan look? I'm trying to learn!,"My goals for supplementation are better overall health, immunity, more energy and focus, as well as reduced stress and anxiety. I have been having a protein shake (body fortress) alongside greens/superfoods powder in the morning and a creatine drink midday with lunch. I have noticed positive results (more energy, better performance, getting sick less often, building muscle easily). I want to now think about supplements that can help my stress and anxiety. I am thinking about adding in l-theanine, magnesium glycinate, taurine, and chamomile. I am thinking about doing the taurine and l theanine with my morning coffee and the magnesium glycinate and chamomile at night. I would be adding these in one at a time and not looking to start at a super high dose of any. What are your thoughts? I have been trying to read up on all this stuff and want to make sure I'm not doing anything counter productive. Thank you!!",opinion,misinfo
814,"Struggling to manage blood sugar naturally,  any supplements that help?","Hey everyone, I’ve been trying to keep my blood sugar stable through diet and exercise, but some days it just spikes unexpectedly. I’m curious if anyone has found supplements or natural remedies that actually help. I’m open to hearing what’s worked for you personally—no medical advice needed, just real experiences. Thanks in advance!",opinion,unsure
1369,Be Sure You Find Out Good Advice About How To Remove Sunless Tanner From Reliable Providers,"By Haywood Hunter         By doing the most responsible and healthiest thing for your skin, you are assuring a better future which is why, you have probably chosen to tan with the help of a tinted cream, mousse, spray or gel product. However, there might come a time, when there is a slight streak or shade problem, which you would like to remove. This is when your arsenal of home remedies should be at the ready, as well as the knowledge of how to remove sunless tanner.          Being responsible with your skin is first and foremost the most important factor to take into consideration. Be careful to not use any harsh and painful chemicals out of sheer desperation. The streaks or blotches can be lightened quite easily and so will the overall botched tan. Always keep in mind that unlike sun damage from baking in the sun's harmful rays, a home tanning product is not permanent or detrimental to your health.          If the problem persists, or you have visible streaks, then lemon juice can b",opinion,unsure
866,Is there a company that will capsule my raw powders?,"Is there a company I can send my powders to, and they'll capsule my raw powders in the requested mg? I hate doing it myself and would rather pay a company to do it for me. Raw powders being accutane, pycgenol, milk thistle, etc.",opinion,unsure
1675,SV/NSV - 26 lbs lost and big change in my BMI!  Progress pics included,"Stepped on the scale yesterday and it read 174.2!  Really excited, because for about 3 or 4 weeks I was in a total rut - house was getting construction, family and friends from out of town were visiting - pretty much threw the diet out the window every other night when someone wanted to go out for dinner or I was surrounded my McDonald's or KFC and had moments of weakness.  Didn't gain too badly during that time, but for that month I stayed between 20 and 22 lbs lost.  Finally, I feel back on track by getting down to 174.2 - smallest number yet!  I'm only 4.2 lbs away from the lightest I've been in 5 or 6 years.  Really can't wait to move past that number - I think that's when I'll feel the real progress will start.  I stick to a low-calorie diet and try to exercise 4-5 times a week (though sometimes between full time school and work it falls to 2-3 times).  I find that exercise is really the key to my weight loss - when I stop doing it, my weight stays the same or creeps off very slow",opinion,accurate
1091,Weight lifting and sauna's,"I recently got into weight lifting and doing a lot of different strength training exercise. Yesterday I woke up with cramped arms.. it was the worst pain I ever felt.  I know part of it was due to the fact im not eating enough protein or hydrating myself like i should be doing pre and post workouts. Ive never had so much respect for bananas like I do now :D  I wanted to ask, have any of you tried saunaing after your workouts? I was looking for a sauna to buy for my house, and came across a portable FRI (Far Infrared) sauna.  http://www.amazon.com/Infrared-Portable-Foldable-Sauna-Detox/dp/B002POAYDW/ref=pd_sbs_sg_3  Will this along with hydrating and more protein consumption help with soreness after workouts?  ty :D",opinion,accurate
167,What would the Perfect Green Superfood Drink be like?,I would like to create the perfect green drink to make good health easier and more accessible to people. I've noticed a big boost in energy and mood since I started drinking them for breakfast. What would you want in your green health drinks? What do you hate about the ones now? What flavours? What would the cost be like? Which are your favourites in todays market?,opinion,misinfo
19,Sugar Detox - Replacing the calories,"I'm attempting a sugar detox over the next 2 weeks to try and finally rid myself of this awful addiction ( I go through countless cakes, chocolates, and biscuits a day) and so far so good.  I am naturally very skinny for my height (75kg/165lbs, 187cm/6'2, 26[m]) and often find my weight drops to unhealthy levels when I don't eat enough. I am very active and work on my feet, and I'm worried that my weight will drop if I don't replace the carries accordingly but I want to do so in a healthy manner.  Any advice?",opinion,misinfo
967,Are our supplement stacks taxing our liver?,General thought as I look at ever increasing stack of vitamins and supplements - sometimes I wonder if I’m doing more harm than good flooding my body with all of these things at once.   Anyone have any tips or insight to share?,opinion,unsure
765,"Supplement advice for a young 26 y.o father of two under 2 years old, in the desert of NV.","Currently taking vitamin d3, vitamin b12, zinc, and vitamin C.  I feel constantly tired-  but i need energy to keep up with the kids and work. D3 does magic for my fatigue, b12 helps not get tired as easily but still be sluggish. I hear magnesium is good and i seldom use apple cider vinegar. What am i missing?  Important edit - i have risk of pre-diabetes.",opinion,unsure
1485,Hey Fittit! How many supplements are you currently taking?,"My current stack is:  General health: Vitamin D, Multivitamin, Fish oil, Turmeric, Milk Thistle, Whey Isolate?  Fat burner/Thermogenics: Ephedrine, Caffeine, Green Tea extract, Forskolin, Capsaicin  Pre-workout: BCAA, HMB, Citrulline, Betaine, Taurine  Other: DAA, CDP Choline, L-tyrosine, L-tryptophan, Seriphos(phosphorylated serine)   Anyone else taking this many supplements? What's your current 'stack'?  EDIT: I am near the end of my cut. ",opinion,unsure
1448,Trying to find the best supplement stack... Opinions?,"New to r/Fitness, so don't chew out the newbie for not posting on Supplement Thursday...  &amp;nbsp;  I've spent the last couple weeks searching the web and talking to various buddies and supplement gurus trying to find out which supplement stack would be best for cutting, but also to keep putting on muscle. I don't want to get Hulk sized, but looking for a well rounded Captain America physique (cut/toned with solid muscle size). I'm 22, 5'11"" and ~180lbs with 8-10% of that weight being body fat. I hit the gym every day (I'm currently doing the PHAT routine), and do cardio consistently. Despite all that cardio, I still have that fun pouch chilling right there at the bottom of my stomach. I'd really like to get that out of there in the process.    &amp;nbsp;  Based on my conversations with others and my own searching through forums and supplement sites, I've come up with a couple stacks that I wanted your opinions on:    MuscleTech Core Stack  MusclePharm Get Swole Stack  Optimum Nutrit",opinion,unsure
869,Supplements for help with the female sex drive?,"As a female on oral hormone birth control, I've noticed that my libido has dropped. As of right now, I have to be on the BC to balance things out, but I was wondering if there were any tried and true supplements, minerals, natural remedies for female low sex drive.   Thanks! :)  ",opinion,misinfo
1134,"I know this is a common request, can you please help me fine tune my diet? Full details inside. ","About Me:  26 year old male, 6 foot 1, 173lbs, 14% body fat  Current State: very limited strength due to 8 months of running without weight training  Goal: Increase strength, look better naked, and maintain endurance  The Plan: Strong Lifts (M, W, F) + 5 mile run (T, TH, Sun)  Diet:  6:30 – Protein Shake: Protein Powder, 1cup berries, Emergen -C, 1scoop Green Superfood, water  9:00 – ½ cup of steel cut oats, Apple, Peanut Butter  Noon – Chicken, Kale, Cabbage, Broccoli, Bell Peppers  2:00 – Plain Greek Yogurt, Almonds  5:30 – Chicken, Broccoli, Bell Peppers or three eggs  8:00 – Protein Shake: 1cup berries, Protein, 1cup milk  This equals 2000 calories, 180 grams of protein, at a ratio of 41% carbs, 25% Fat, 34% protein  Am I on track here? I feel like I am eating too many carbs. Any feedback would be greatly appreciated.   ",accurate,unsure
1828,Questions about WLS,"Resubmitting because the bot didn't think my last post was detailed enough.  I am a 45 yo female 65 inches cw 325 lbs.    Two years ago I lost 120 lbs in 6 months through Optifast.  Its a medically controlled VLCD basically all liquid diet.  The rapid weight loss caused/corallated with the onset of weird medical issues that put me im the hospital and I rebounded very quickly regaining within 8 months.  Since that time through this group and the good folks over at r/fatlogic I have been able to identify some of my own disordered thinking and habits that have led me to regain weight.  I am now following a simple CICO logging in MFP.  It is going well so far and I have lost 14 lbs since my starting weight.  However WLS still dances around in the back of my head.  I know it is just one more tool and not a miracle cure.   On that note, I would really like to get other people's experiences - the good, the bad, the ugly.  How long ago was it? What kind did you have? How much did you lose? Wha",opinion,misinfo
2259,Natural Folk Remedies for Colds and Flu,,misinfo,misinfo
651,Fat burner advice,"Hello community , am looking for a fat burner to support my daily training and diet was looking on internet and cant really decide which one to pick..  - Animal cuts - Hydroxycut Hardcore Elite - Clenbotrul - Instant Knockout  Do anyone have an idea about those above ? Which one is more effective ?",opinion,misinfo
1513,"Questions about ""ottermode"".","I'm 6'0, 218 pounds.  I'm trying to accomplish the ""ottermode"" physique over this Summer.  I come with questions.  * Is [this](http://i.imgur.com/gzBf7m1.jpg) a good regimen?  I have a Planet Fitness membership, is there anything I should do there in addition to this regimen to increase effectiveness and results? * What supplements should I take to maximize efficiency? What about RCA stacks? * What do I do if I don't have a pool?  Are there any alternative workouts that can give a similar result?  I'm sure I'll come up with other questions along the way, especially as some get answered.  Thanks in advance!",opinion,unsure
398,NAC causing detox/herx reaction symptoms ,"Symptoms include Flu, sore throat, fatigue. What things should I include to make the detox easier? ",misinfo,misinfo
1681,50 days into my journey of Paleo. Pics inside.,"First thanks all for the useful articles and topics.  Been stalking this and /r/paleo for sometime getting pumped up and learning to cook some. I stumbled into Paleo after my mother had a tearful reaction to seeing me at 245 during Christmas. She was used to me around 180 lbs. and was scared for my health since I was considered obese and prone to health problems. I had suffered from IBS for about 12 months and grew to think it was me just getting older and becoming less tolerant to certain foods. All of that is gone now.  Here are my results so far. Aiming to get back down under 190 lbs by my 90 day. This is was 38 lbs of loss looks like on a 5' 11"" Male of 27 age, if anyone is curious:  http://i.imgur.com/UZqAOuD.jpg  I lost about 30 of the lbs within the first 30 days and then started tapering a bit slower and working on detoxing with superfoods a bit.",opinion,opinion
963,Curious about this supplement stack…,"I have started the following supplement stack, introducing one or two at a time to monitor my reaction to them. Is this a solid overall stack for general health?   Thorne 2/Day Basic Nutrient  Thorne Milk Thistle Phytosome  Thorne Complete Biotic  Nature Made Omega-3 Fish Oil 1400mg Soft Gels  Nature Made High Absorption Magnesium Glycinate 200mg   I have looked into NAC also, Thornes product (500mg), but also have read (including here recently) that it isn’t necessarily good for long term use.   Trying to cover gut/liver/heart health with a diet that is fairly high fiber, high protein &amp; good fats (nuts, avocado, etc) with the occasional alcoholic beverage or two thrown in. Not a ton of added/processed sugars or fried foods.   Just curious what people here think, thanks in advance. ",opinion,unsure
1074,"Hey Fittit, Can i please have your opinions about master cleanse","I read the other thread in this subreddit but it seems from a while back.  I do 40 minutes yoga, 3 mile run and 20 minutes of abs 4-5 days a week.  I am guessing doing the cleanse would drop like 20 lbs then i could keep about 15 off with the workout.  Goal is to lose 40 lbs .. have lost 12 (2 months).  What you think ",opinion,opinion
1566,What exactly does a detox clense do,"I've been hearing alot and I know there's 100,000 products out there for it. Some are crazy some famous like shakeology etc.  But my question lies in the actual what does it really do for your body?   I do know drinking a lot of water will do the same over a long period of time.",opinion,unsure
1097,Any cleanse recommendations?,"I've been eating poorly for a few months and want to do a cleanse before I switch back to healthy food. Any suggestions you have heard about, seen, or tried?",opinion,unsure
715,Apple Cider Vinegar &amp; Supps?,"Hi All,  New to the sub!  Couple of things I'd like to seek answers to from you knowledgable folk!  Firstly, I'm male, aged 39, low test (I think) Just joined a gym to lift weights 3 x per week and I am of a rare breed of people that enjoy jogging / running. So I run 3 x per week about 3-5k nothing much. It just gets my endorphins going for the day and get that all imporant sunlight and fresh air before working indoors in an office all day.  I eat meat, eggs, veg, fruit, greek yog, cheese, complex carbs, heathy fats, and do enjoy some red wine here and there.  My stack is as follows, if someone can rate it?  - Vitamin B Complex  - Vitamin D3 + K2 Tablet (Live in England, UK and I'm the whitest ginger white man - I burn in moon light - I need vitamin D!)  - Magnesium Glycinate  - Taurine (Just added it but the amount of meat I eat I doubt I'll notice anything?  - Bio-Kult Probiotic  - Creatine (Just bought some now I'm going to be working out at the gym 3 x per week)   Recently stopped:",accurate,opinion
887,Please tell me everything you know about St. John's Wort (wanting to get off SSRIs).,"I'm trying to get off SSRI's. I've been on escitalopram (Lexapro) for over 2 years and I'm weening myself off now. I'm going to try to switch over to a regimen of known natural remedies to depression/anxiety including St. John's Wort. I've seen many studies claiming that it is equally as effective as SSRI's for many people.  Unfortunately I know absolutely nothing about this supplement and my mind is filled with questions.  - How much are you supposed to take per day? - When is the best time to take it? - With or without food? - Are there different forms of it like with other supplements? (oxide, cirtrate, glycinate, etc.) - Who are the good manufacturers of it?  - You get the idea  Thank you so much for helping.  Bonus Question: Do you know of any other well-backed supplements for depression/anxiety disorders? I've heard about this 5-HTP thing instance.",opinion,opinion
2003,Post holiday regrouping and getting back at it.,"Hey losers!  Like many of you I'm sure, I fell off a little bit during the holidays.  Between March 25th and October 14th I lost 65 lbs. Down from 247 to 183 Needed to lose a total of about 85.   I did this with CICO at a goal calories of about 1800, Greyskull LP, and 15° incline tredmill walks.  After October 14th I added creatine supplementation to my stack. And switched lifting programs to Jim Wendler's 5/3/1 for beginners This added a predicted 5ish lbs. Which I roughly maintained thru november.  Than the holidays hit. Thanksgiving, christmas, new years, and my birthday all back to back to back.  I did my best to not limit myself on special occasions. And ate to satisfy my mental wants and needs.  That said I've managed to mostly maintain. Maybe up a total of 5lbs total... but keeping the same waist measurment...  so the way I look at it... mostly water rentetion from carbs.  That said. Time to get back at it.  Next goal is 170.  Calorie goal is 1500 from whole foods. Mostly protei",opinion,opinion
1758,SOS! Starting my journey! 336 LBS! Help!,"Hey there everyone! I'm 25/ M/ 6''/ 336 LBS. I've been heavier, (this time last year I was 4 pounds shy of 400LBS) I made very small lifestyle decisions, I mean VERY small. As in, I'll still get my McChicken Meal with large everything. I'll ""just leave off my usual Mcdouble with mayo off my order"". Using these minuscule tricks I shed a lot more then noticed over the course of a year.   Fast forward to the summer of 16, I went through a horrendous, ugly split with a longtime girlfriend. It was hurtful, mean and hate filled. She said a lot of things to me, but she harped on my weight and how she could do so much better. (In her defence she is a very attractive girl albeit personality.) She's a troll in that field. A sadistic, rotten teeth, living under the bridge kind of troll.   Through a month or so of pure depression, I realized I had dropped another few lbs.   Lastly, fast forward to November, I'm ready to take the plunge, not the the half assed not eating AS MUCH fast food, I want N",opinion,opinion
2249,Stinging Nettles - Natural Remedy for Many Maladies,,misinfo,misinfo
425,Milk thistle for detox,"I am a Marine Corps veteran having been stationed at Camp Lejeune.  Surely everyone here has heard about the contaminated water.  So, anyway, I have health issues because if it.  I just started taking milk thistle to detox and support my liver.  What kind of detox symptoms should I expect and for how long?",misinfo,unsure
610,Misused Fat Burners; Quit; Need Advice,"So to anyone who took fat burners I was and I got to the point where I was misusing/abusing them. I would take multiple at a time, mix different ones, and I didn’t really cycle them. Some I took daily and I even had to go and top it all off with keto and apple cider gummies, which also got misused. Green Tea extract pills and metabolism boosters were also in the mix. The whole time I always worked out and I started getting more and more concerned because I knew it was bad but yea…anyway I quit cold turkey and haven’t touched a single product since. To those who have gone through or are going through something similar:  What side effects did you experience and how long did they last? I saw where weight gain was a likely, however, I still workout regularly and have a diet with a deficit so I was just wondering what you all experienced and if it ever went away. I’m also worried the recent gain is because I’ve completely f-ed up my metabolism.   Yes I know what I did was bad and I probably",opinion,misinfo
568,"Does anybody here know a really good appetite supresant that is not a placebo or a so called ""fat burner"" that in reality is just stronger caffeine",My appetite randomly skyrockets troughout the day resulting in me constantly overeating without intending too.I try to diet for a day or two but then on the third day i eat more then most mukbangers and go back to gaining weight(i tried almost every diet and in different scale of restrictions still the same result). Maybe im just mentally weak but sometimes i eat a whole ass pizza and still feel intense hunger an hour later so something that would ruin my appetite would greatly help with my weight loss.,opinion,misinfo
290,How Healthy are Sticky Date Pancakes???,Hiya! I love having a sweet treat with my breakie in the morning. I plan on making these sticky date pancakes tomorrow morning and I was wondering if someone could tell me how nutritious the following recipe is.   Ingredients Toffee Syrup ½ cup butter ¾ cup dark brown sugar 1 tbsp unsulphured molasses 1 tsp vanilla extract ¼ tsp salt ¾ cup heavy  cream  Date Pancakes ¾ cup medjool dates (½ cup finely chopped) 1 cup + 1 tbsp milk 1 tsp apple cider vinegar 1 tbsp melted butter 1 tsp unsulphured molasses 1 tsp vanilla extract 1 ½ cups all-purpose flour 1 tbsp dark brown sugar 1 ½ tsp baking powder ½ tsp baking soda ¼ tsp salt  ,misinfo,opinion
408,"Anyone have experiences they can share with zeolite detox (cognitive benefits, heavy metal detox)",Curious about mental benefits from successful detox from heavy metals using zeolite or other chelation methods ,opinion,misinfo
150,Best greens/superfood to add to tea,"Hi so I make a cold brewed tea every day of astragalus, burdock, chamomile, hibiscus, red clover and red raspberry leaves.  I am looking for a green type supplement (ideally something high in potassium) to add to it to round it out a bit. I was looking at **tulsi** or **moringa** but was wondering if anyone had other suggestions.  Ideally it would have the highest potassium content, not be dependence forming and not taste too bad though I can deal with an earthy flavor. Couldn't tell which of those two had more potassium or if there was a better option. Thanks",opinion,opinion
790,Seeking Expertise on Anti-Inflammatory Foods and Their true efficacy in Chronic Inflammation,"Hello everyone I hope you are all well,   I'm reaching out to this community in the hope of much needed clarification around the true efficacy of anti-inflammatory foods and compounds in reducing inflammation.   Background on my Situation and why I am making this post:   So I am potentially dealing with a condition called arachnoiditis, this is chronic inflammation of the spinal canal, this potentially caused by a botched lumbar puncture (performed last year) to investigate chronic headaches (later found out to be due to anxiety). During the procedure, the technician attempted to insert the needle over six times alongside significant manipulation over the course of the procedure, this causing irritation and damage in a highly sensitive and reactive area. Since then, I’ve been left with debilitating pain and symptoms that have upended my life and that of the loved ones who I care for/rely on me in life.   Unfortunately Attempts to seek accountability, support and recognition for my symp",opinion,misinfo
159,Are any of you obsessed with superfoods?,"I realize that there is no uniform system or formal agreement on what an actual ""superfood"" is, but are any of you obsessed with trying to eat as many as you can? What are your favorites?",opinion,opinion
179,"Are jujubes really superfood? If so, what does that even mean?",I'm being told it's high in lots of nutrients but I can't seem to find much information about them.,opinion,opinion
1285,"What can I expect regarding my ""Mom Shape?""","Hi, Fitness! Thank you for letting me post.   &amp;nbsp;  I am three years past my last pregnancy. Prior to my first pregnancy, I was about 10-15 pounds overweight, but not badly out of shape. I would still get some biking and walking in, but wasn't truly watching my eating enough to be ""skinny.""  &amp;nbsp;  I gained over 50 pounds during each of my pregnancies and didn't lose all of the weight after the babes were born. I also had very large babies so my lower stomach skin has permanently sagged. It stretches down low and gives me a pouch/flap of sorts. Very attractive. Yes.  &amp;nbsp;  I am now at 180 pounds and I am 5'3"". I have been going back to the gym and dieting for two weeks and have lost 5 pounds. I am not a fan of treadmills or elliptical machines, so I have been taking hour-long classes at the gym. I like Zumba, Cardio Dance, and Spin classes. I also do an hour Yoga class on Sundays. I also do 9 weight machines in a circuit that the gym has set up for people to cycle thro",opinion,unsure
1629,I was 350+ pounds late summer/early fall. 325 this morning!,"Edit: Thanks for the gold kind person. I didn’t even look who it’s from yet because I just woke up and was shocked.  Yesterday was such a busy day after I posted this and I haven’t been able to respond to great comments or any of the kind messages I received but I’ll be working on that today since I’ll be home all day. Thanks for the support!!  My husband got injured at work July 1st. He ruptured his achilles tendon and was out of work until November. I had to take care of him so I made a decision that I wasn’t going to worry about losing weight at all and I wasn’t going to worry if I gained either. I knew I had to lose weight because 350 pounds just wasn’t healthy. I’m 5’ 8” tall and almost 40, and I was at my heaviest. So I shoved the scale under my claw foot tub and concentrated on taking care of hubby over the next few months. I couldn’t mentally handle a lifestyle change while my husband was healing.   He recovered and went back to work in November. Since then I’ve been watching w",opinion,unsure
1640,I thought I had a healthy diet. Down 14 lbs and I’ve learned a lot.,"33F 5’5” sw:189 cw:175 gw: 150  Hello! Here is a long post about my weight loss journ-venture. Enjoy!   I’ve been actively working on weight loss since Sept 20th. I’m making good progress and actually enjoying it quite a lot. I’ve made some interesting discoveries that I wanted to share.  Ive generally been into health food most of my adult life(no soda/fast food, vegan for 9 years, etc). I had a health scare in 2019(burst appendix and drs accidentally found a large pre-cancerous polyp in my colon). This caused an intense fear of colon cancer which led me to become pretty strict about my diet, no sugars of any kind, no flour, eating until I was not quite full and adding more “superfood” type foods to my diet. I also started walking every day, maybe anywhere from 10 min to 1 hour walks, I can’t remember exactly.  Weight loss was not my goal but suddenly it seemed like all my clothes became loose and a variety of small health issues got better. Acne, dandruff, and menstrual cramps went a",opinion,opinion
1340,Here Are The Perfect Herbs For Fertility Over 40 Years Old,"By Sarah Ellis         There are many different causes of infertility in women. One of them is aging, which is something that leads to a reduction in egg production. Also, the eggs produced tend to be low in quality. For older women who are planning on conceiving a baby, there are various [herbs for fertility over 40](www.jadeformulas4women.com/the-right-way-to-minimize-infertility-costs) years of age that are scientifically proven to work effectively.          Just because there are modern day ways of encouraging pregnancy among older women doesn't mean right away that they're the best solutions around. Not all females can afford the expensive price of those. Additionally, not a lot of women who are intending on being in the family way have easy access to medical facilities offering them.          It's because of these reasons why most women who like to get in the family way resort to the use of herbal supplements and preparations. Coming in the form of tea, capsules and tinctures, th",misinfo,opinion
671,Supplements that may help with nerve and joint pain (new video),"A lot of people struggling with chronic pain are curious about supplements, but it’s hard to separate hype from actual research.  I just put together a short video breaking down three that have some evidence:  Palmitoylethanolamide (PEA): studied for neuropathic pain, with several trials showing reduced nerve pain symptoms.  Glucosamine (especially with chondroitin): evidence suggests benefit in osteoarthritis, including improvements in pain and function in a 2018 meta-analysis.  Boswellia: with published data on both pain and inflammation.  The video is quick, research-based, and cites the studies directly. My goal with @askpaindoc is to make complex pain topics easier to understand without pushing fads or miracle cures.  If you’re interested, you can watch it here: https://www.tiktok.com/t/ZP8ALLYdT/  Always open to discussion if you’ve tried any of these, or if there are others you’ve found helpful.",accurate,misinfo
17,"With all the different ""detox"" products out there, do people have enough toxins in their body for these to be necessary?","I know a lot are scams, but is there a need for detox products at all?",misinfo,misinfo
602,Are all fat burner supplements fake?,I jog almost daily on treadmill but it doesn't do anything. Been thinking of maybe mixing supplement with training but wouldnt everyone be skinny if supplements could burn fat? Seen some with good reviews though.,opinion,misinfo
1427,2 Years Progress 193lbs- 170lbs 5'9 25yo,"**Background**  I'll keep this very brief for you beautiful people.  I used to be a calisthenic freak back in my high school days, so I did loads of pull ups and other variations. A lot of dips, push ups, and hundreds of squats a day since it's only body-weight am I right? I got the newb gains, but I was ignorant in the nutrition area, so I didn't really progress much further in size. Fast-forward to now where I have a consistent schedule and more knowledge in overall health and fitness, I reached my goal and then some.  M/23/5'9""(178cm)  SW: 87.5kg/193lb, CW: **77.11**kg/170lbs, GW: 160-165lbs but that's for the cut of 2021  Current Physique(2020):  [http://imgur.com/a/zmEqCwz](http://imgur.com/a/zmEqCwz?fbclid=IwAR2vCDkOmZDJEf6NNa00p5JsQ2Oozc9x90uAVMmNMvM9YaOaEs2jXHzlJMs)  Some Pictures from 2019:  Before and After Pic: [https://imgur.com/a/S4D2Egs](https://imgur.com/a/S4D2Egs)  Cut/Bulk Pics:[https://imgur.com/a/Pdfs00Y](https://imgur.com/a/Pdfs00Y)  **Current Calorie Maintenance**:",accurate,accurate
1211,Supplemental Fat Burners. do they help/work?,"I saw on bodybuilding.com store that they have these things called fat Burners.  one I'm looking at is The Ripper from Cobra labs.   Increased energy,burns fat, apetite control.  Do these actually work? how would it be compared with PWO? Anybody tried some and seen results?",opinion,misinfo
2186,new to this sub and have a question,hey so i am new to this subreddit and i have a question concerning my girlfriends health.  So she currently doesn't have health benefits and is starting to get a chest cold due to the cold season.  She has a horrible cough with heavy chest congestion. Is there anything we can i can do as she has to wait until december to get her health benefits from my job. thank you in advance.  ,opinion,unsure
636,Are fat burner pills effective?,"Hey guys, just wondering how effective are fat burner pills and if they are which ones should I take",opinion,misinfo
131,SUPERFOODS!,What's everyone's favorite super-healthy food that people might not know about or incorporate into their diets very much?  I wanted to think of something to get the ball rolling but couldn't.,opinion,misinfo
1538,What You Don't NEED to lose weight... And a few things you do,After more than 2 years and 190 pounds lost there's a few things I've discovered...  #Things you don't need to lose weight…   Complicated diet plans   Extreme workout regimen   A diet with a name   To be perfect   To agonize over exact calorie counts   Protein powder   Supplements   Super foods   Foods marketed as “healthy”   Anything labeled “great source of…”   Branded meal replacement bars   A personal trainer   An online “diet coach”...   A cabinet full of “foods” created in a lab to sort of taste like other food…   To fucking detox…   Water fast    Excuses   Unrealistic expectations   Anything you see on Dr. Oz   And finally… HALO TOP… blasphemy **I KNOW**   #What you do need   A calorie deficit  A sustainable plan that works for you  Realistic goals and expectations  Dedication  Support  Desire to change,opinion,opinion
1337,Advice For Individuals Wishing To Use Northport Glasses,"By Ronald Scott         Many people are born with defects in their vision or develop the same after some time. Whenever there is this problem, it becomes hard to continue with primary life activities and thus creating a lot of discomforts and to some point an entire loss of eyesight. These organs are sensitive, and any problem that arises in connection to them must be treated within the shortest time possible. Among the most popular remedies that individuals apply is the use of [Northport glasses](www.npteyecare.com/) which must be applied under these considerations.          It is crucial first to visit a physician so that they can undertake a test for your eyes and get the problem detected so that they can prescribe the best solution for your issue depending on the extent of a damage. They recommend what glasses you should wear, and that is if your eyes qualify for this alternative. The doctor also gets to give detailed information that will be used to find a remedy.          When un",opinion,unsure
1670,Finally figured out how to tolerate Amazing Grass!,"So I've been trying to supplement my diet with some extra greens (I eat a fair amount of fresh/frozen ones every day, but it can't help to add some extra) so I bought a jar of the Amazing Grass superfoods blend. I'm not sure how those of you who drink it regularly can stomach that stuff, but to me it tastes like ASS. After conducting a bit of research, I learned that citrus flavors counter ""excessive greens"" tastes, so I'm hoping my little hack helps those  of you who have a jar in your cabinet missing a single scoop because you and I both believe it tastes foul.  I put my scoop in a small cup with just enough water to make it form a ball, then I basically eat small spoonfuls with water or orange juice to ensure I don't have to taste it. Works great, I haven't tasted it yet, and I feel fantastic.",opinion,misinfo
531,What's a good brand for quality Camu Camu or Acerola powder?,"With how sensitive something like that to oxidation or degradation, does anyone have a recommendation for camu camu powder or acerola powder? I feel like there's so many sellers but it's hard to tell which ones arrive fresh and full of value.   If anyone has any suggestions I'd love to know!",opinion,misinfo
143,Bloom Green &amp; superfoods,Curious on the legitimacy of this product?,opinion,unsure
258,If you cook or bake with apple cider vinegar does it lose its health benefits?,"I’m mainly interested in the improved digestion/acid reflux stuff. If I have to consume it without cooking, i’d appreciate hearing any ways you like to do that. It irritates my throat even when diluted a lot haha and I liked it more in a salad",opinion,unsure
1581,Detox diet meal plan and shopping list?,"Hi r/loseit! I'm starting a 20 week plan to lose 45 lbs (20.41 kg) and I'm in the start of my first week. I'm going to try a 7-day detox period then going into an Ovo-Lacto Vegetarian diet. For my detox period, I was wanting to try raw foods but I can only find meal plans for one day, and I was kind of hoping to have a different meal every day or at least mix it up a little. Is there a site or do any of you know that shows what I should buy when I go shopping and a meal plan I should follow? Also, what are some things to avoid and be cautious of? Thanks for your help r/loseit.",opinion,misinfo
2279,"Trying to improve daily wellness with simple, practical steps","I’ve been working on building better daily routines  sleeping well, reducing stress, and taking care of my health naturally. I want to explore herbal remedies and holistic wellness, but most resources online feel overwhelming.  I found a beginner-friendly book Holistic Herbal Guide Book to Health and Wellness by Linda Lucilla Giordano that offers practical steps and routines for everyday life. It seems like something I could actually follow without getting lost in too much technical detail.  For anyone who’s tried incorporating natural remedies into daily habits, what small steps made the biggest difference for you?",opinion,unsure
308,eat very healthy but can't lose belly fat,"I'm 6'1"" Male 180 lbs. and have insulin resistance, reactive hypoglycemia, and various food allergies. I eat extremely healthy, and have been for the past 5 years. My abdomen measures about 39"" which is on the cusp of being overweight despite my total body weight. I eat lots of greens and various other veggies, cut out all sugar many years ago, cut out dairy, cut out all simple carbs and grains a few years ago to fight the hypoglycemia. I basically follow a Paleo diet: meat, veggies, nuts, seeds. I eat healthy oils such as olive and coconut. Take turmeric supplements and Fish oil supps along with Vit. D3. I feel like I am doing everything right. I exercise moderately around 3-4 times per week. BUT I can't seem to get rid of the belly fat. I guess I am ""skinny fat"" which I've read is worse than being traditionally overweight. Anybody else in this predicament or have any advice?  Is it simply eating too much of the ""good"" calories?   Thanks!  EDIT: Im 47 yrs old. I don't eat big portions",opinion,unsure
1205,Question about using a cutting supplement/fat burner while starting cardio.,"I am overweight and I am starting to get back into exercising with a co-worker. I am doing cardio for about an hour, Monday through Saturday, using the treadmill (30 Mins), stair climber (15 Mins), and stationary bike (15 Mins). I was wondering if it would be a good idea to use a cutting supplement/fat burner. If so, any recommendations would be greatly appreciated.",opinion,misinfo
410,Detox binders for heavy metals?,"I am new to detox binders and will consult my doctor on this but I have been exposed to a high concentration of vape. Vape contains heavy metals such as [arsenic, chromium, nickel, lead.](https://factor.niehs.nih.gov/2022/2/feature/3-feature-e-cigarettes-and-toxic-metals)   I am looking for a detox treatment. I don't have zeolite detox supplements in my area but I've read that chlorella does also detox heavy metals, but not as good as zeolite.   For how long do you usually take heavy metal detox and when to stop? How many times do you drink the detox supplement and for how many days or months to do it? Is it feasible to combine 2 detox supplements? (i.e. chlorella and zeolite)? Many thanks.",unsure,misinfo
266,Anyone know what apple cider vinegar + raw unfiltered honey gives better sleep?,"This was recommended by Berkley phd SETH ROBERTS , but I scoured the internet and couldn't find why this works. ",opinion,opinion
1631,Superfood powders,"I'm quite a fussy eater and struggle to eat a good range of vegetables. I eat most fruits but only really eat onions, peas and carrots.  I was thinking of getting some superfood powders, particularly some of the ones aimed at providing vitamins from leafy greens to improve my health overall as well as eating better to lose weight.  Are they a fad or worth getting? I can't make up my mind!",opinion,unsure
898,Best supplement to cleanse the pancreas/ gallbladder?,Only thing I’ve heard that works is bile salts for folks who have gallstones. Thank you,opinion,misinfo
16,I'm wanting to detox and obtain healthier eating habits.,"Hey guys, I was just needing some help or some tips, easy recipes, etc. I'm not an obese person, nor am I very thin. However, I know within the last few years I have not been eating like I should be and eventually I have become sluggish, lazy, and I feel that I lack energy. I know NOTHING about health so I'm here to learn. Ultimately, I just want to be a healthier person. Just for my own sake.",opinion,misinfo
1800,280 in 2019 -&gt; 159 in 2021 -&gt; 245 in 2023 -&gt; 210 in 2024 -&gt; 260 in 2025. I’m so TIRED.,"I don’t know what else to say except for I’m so tired. I’m so exhausted and burnt out and tired and I feel like this is a battle I’m going to drown in for the rest of my life.   When I lost all the weight the first time, I thought I figured it out. I fixed myself. I found the cheat code to life, to being the healthy and active and beautiful person I always knew I could be. But all I’d done was trade one eating disorder for another.   I told myself it wasn’t true. I was doing CiCo, I was never eating less than 1700 a day and I was tracking macros, micros, and everything in between.   From November 2019 to sometime in late 2021, I have a detailed log of every. single. thing. I consumed. I can tell you exactly what I ate down to the singular calories I would track for “zero calorie” water flavors and the 15 calories for my daily vitamin gummies and the 30 calories for the  entire tray of “brownies” I made out of stevia and zero calorie root beer, and the 250 calories for my daily lunch of",opinion,unsure
956,Asking for advice regarding my supplement stack.,"For a week and 2 days, I've been taking the B Complex and D3+K2 with breakfast, and 2 capsules (moving up to 3 soon) of the Magnesium with dinner. Are the dosages/vitamins themselves enough to see some benefits with anxiety/depression/ADHD over time?",opinion,accurate
2104,Matcha vs. Green Tea and What You Need to Know,,opinion,unsure
1710,Plateau - looking into fat burner pills for last 20 lbs. need advice/reviews/opinions,"Hi r/loseit currently at a weight loss plateau after losing 180 lbs in 13 months 390-210 starting 6/2012. Proper diet (whole grains, lean meats, veggies, fruits, calorie counting, daily activity, weight lifting, cardio) and have final hit a plateau with my loss and am looking Into some fat burners to take for the last 20 lbs or so. I have done some reading (http://top10supplements.com/top-10-fat-burners-for-men-in-2013/) and on forum sites and have had a few in mind (OxyElite, Hydroxycut Hardcore, HyperShred, Liponox, and Lipoburn) I want a good, clean, safe, working product. Energy increases are a plus and fat burning is the main goal. If anyone has anyone had/has any use, results, options or info on these products or others. Please help! Thank you :-)",opinion,misinfo
142,What superfoods do you think will be popular in 2017?,"So far, I've read that Turmeric, Red Algae, insects, and other alleged superfoods will become popular this year. Not sure if I believe any of that though. What do you think? What superfoods will gain popularity? What superfoods are over and under rated right now? Is this superfood talk in the media just clickbait for vain and rich house wives?",opinion,misinfo
776,"My current lineup, anything stand out as not really worth taking? 25 Male",,opinion,unsure
1930,ACV hack yay or nay?,"(I originally posted this to r/weightlossadvice before realizing I would probably get more feedback on this sub).    I’ve really been trying to get into apple cider vinegar for a while now. It has so many benefits and when combined with diet and exercise, seems to aid weight loss quite a bit. But it’s just... awful! I tried putting it in things other than water like sparkling green apple Izzy, apple juice, but those things are full of sugar. So here’s my question: SMOOTHIES. I eat smoothies on a pretty much daily basis, and they usually make up an entire meal, breakfast or lunch (I pack them with protein from chia seeds, peanut butter etc and LOTS of fruit). Would putting ACV into my daily smoothies still have the same effects if I drank it with water in the morning? Has anyone tried this or has anyone had results?",opinion,misinfo
